test_id,model,response,pattern_match,latency,success
579,dolphin3:8b,"[strawberry]. The word ""strawberry"" contains 2 ""r"" letters.",False,3.55,True
584,gemma3n:e2b,"[3]

There are three ""r"" letters in the word ""strawberry"".",False,4.46,True
587,llama3.2:1b,[8],False,7.84,True
593,phi3:latest,[3],True,2.7,True
599,qwen3:4b,"Thinking...
Okay, let's see. The user is asking how many times the letter ""r"" appears in the word ""strawberry"". First, I need to make sure I have the correct spelling of the word. Let me spell it out: S-T-R-A-W-B-E-R-R-Y. Wait, is that right? Let me check again. Strawberry... yeah, S-T-R-A-W-B-E-R-R-Y. So, breaking it down letter by letter.

Let me write them down one by one:

1. S
2. T
3. R
4. A
5. W
6. B
7. E
8. R
9. R
10. Y

Now, I need to count how many times the letter ""r"" appears. Looking at the list, the third letter is R, then the eighth and ninth letters are also R. So that's three instances. Wait, let me confirm again. Third position: R. Then positions 8 and 9: R and R. So that's three Rs in total. Hmm, but wait, sometimes people might miss letters. Let me check the word again. Strawberry. Let me think of the word in parts. ""Straw"" is S-T-R-A-W, then ""berry"" is B-E-R-R-Y. So in ""straw"", there's one R. Then in ""berry"", there are two Rs. So 1 + 2 = 3. Yeah, that's correct. So the answer should be 3. But let me make sure I didn't count any other Rs. The word is S-T-R-A-W-B-E-R-R-Y. So positions 3, 8, 9. Three Rs. So the answer is 3.
...done thinking.

[3]",False,11.45,True
